user_id,like_rate,relay_rate,avg_view_time,total_actions,unique_videos,unique_categories,cluster
85500,0.4809989142236699,0.23887079261672095,1090.2519001085777,1842,1828,16,2
85501,0.49921996879875197,0.24596983879355175,1058.9791991679667,1923,1909,16,1
85502,0.5084175084175084,0.23665223665223664,922.7518037518038,2079,2066,16,3
85503,0.4805447470817121,0.2602140077821012,940.1697470817121,2056,2041,16,1
85504,0.4946401225114854,0.25114854517611024,1009.8631955079122,1959,1948,16,1
85505,0.516260162601626,0.2423780487804878,987.5010162601626,1968,1945,16,0
85506,0.5119617224880383,0.24784688995215312,945.8789473684211,2090,2069,16,0
85507,0.5053708439897698,0.24552429667519182,1021.5191815856778,1955,1942,16,0
85508,0.5176297747306562,0.2590597453476983,992.3085210577865,2042,2018,16,0
85509,0.5027829313543599,0.24582560296846012,911.4735621521336,2156,2135,16,3
85510,0.5115830115830116,0.24613899613899615,955.551640926641,2072,2058,16,0
85511,0.5169029443838604,0.24536532170119957,1095.8887677208288,1834,1826,16,2
85512,0.50664767331434,0.25546058879392214,925.7260208926875,2106,2087,16,3
85513,0.4944954128440367,0.24403669724770644,885.0697247706422,2180,2166,16,3
85514,0.4919614147909968,0.24942581534221406,890.6306844281121,2177,2155,16,3
85515,0.5148837209302326,0.2688372093023256,908.5060465116279,2150,2125,16,3
85516,0.4898804047838086,0.250229990800368,934.7585096596137,2174,2162,16,3
85517,0.5005117707267144,0.2579324462640737,1011.4053224155579,1954,1939,16,0
85518,0.5209074733096085,0.25044483985765126,850.9621886120997,2248,2225,16,3
85519,0.5095115681233933,0.24473007712082262,1021.8868894601543,1945,1930,16,0
85520,0.5013390465988217,0.2495982860203535,1066.4970540974825,1867,1854,16,2
85521,0.4947773501924134,0.2567344694887301,1096.7036833424959,1819,1801,16,2
85522,0.48337730870712403,0.2517150395778364,1050.906068601583,1895,1872,16,1
85523,0.5128600823045267,0.24228395061728394,1038.1759259259259,1944,1935,16,0
85524,0.5131856540084389,0.24261603375527427,1041.2183544303798,1896,1884,16,0
85525,0.5161750713606089,0.2483349191246432,952.8981921979067,2102,2087,16,0
85526,0.49159472966833256,0.2376192639709223,881.5202180826897,2201,2177,16,3
85527,0.48604910714285715,0.23828125,1140.630580357143,1792,1781,16,2
85528,0.5039287585123101,0.24463069669984286,1047.2881089575694,1909,1895,16,2
85529,0.48804780876494025,0.25249003984063745,982.773406374502,2008,1989,16,1
85530,0.5014338385907415,0.25112658746415406,795.4784924211389,2441,2413,16,3
85531,0.4994834710743802,0.2427685950413223,987.7443181818181,1936,1923,16,1
85532,0.5007436787307883,0.26227069905800693,971.5860188398611,2017,1994,16,0
85533,0.49324932493249324,0.26282628262826285,906.3564356435644,2222,2200,16,3
85534,0.49693251533742333,0.24372559955382042,1133.8533184606804,1793,1784,16,2
85535,0.512107161257084,0.256053580628542,1026.9845440494591,1941,1924,16,0
85536,0.5268518518518519,0.25787037037037036,907.7342592592593,2160,2145,16,3
85537,0.5048661800486618,0.24574209245742093,1257.1958637469586,1644,1633,16,2
85538,0.4935930292157868,0.2603792926704254,1008.6171194259355,1951,1938,16,0
85539,0.49901574803149606,0.2573818897637795,977.3932086614174,2032,2020,16,0
85540,0.5098321342925659,0.23309352517985613,938.7731414868106,2085,2070,16,3
85541,0.4943870678042209,0.2586439155814998,874.8019757521329,2227,2202,16,3
85542,0.48889985199802666,0.23926985693142575,955.8381845091268,2027,2014,16,1
85543,0.48013245033112584,0.2403027436140019,900.8614001892148,2114,2088,16,3
85544,0.5076056338028169,0.25295774647887326,1135.3256338028168,1775,1764,16,2
85545,0.5050311451844753,0.26689027311931,938.5131768088165,2087,2073,16,3
85546,0.49702675916749256,0.25322101090188304,976.1070366699703,2018,1999,16,1
85547,0.4994407158836689,0.24217002237136465,1122.854586129754,1788,1776,16,2
85548,0.4871277132761232,0.26501766784452296,1006.9429581019687,1981,1970,16,1
85549,0.49245007306380906,0.24111056989771068,977.0565026790064,2053,2033,16,1
85550,0.5118343195266272,0.24358974358974358,956.2179487179487,2028,2020,16,0
85551,0.5071393402264894,0.24766125061546038,940.1915312653865,2031,2015,16,0
85552,0.4951898734177215,0.250126582278481,1006.2845569620254,1975,1958,16,1
85553,0.511569416498994,0.23993963782696176,997.2605633802817,1988,1966,16,0
85554,0.5118069815195072,0.27002053388090347,1016.6088295687885,1948,1929,16,0
85555,0.4783689706613625,0.25808055693684734,990.5499751367479,2011,1994,16,1
85556,0.4968085106382979,0.24361702127659574,1051.5824468085107,1880,1859,16,2
85557,0.49295774647887325,0.2524778299426187,1049.2509128847157,1917,1899,16,1
85558,0.4795383001049318,0.2528856243441763,1037.4601259181532,1906,1889,16,1
85559,0.4919678714859438,0.2715863453815261,973.0918674698795,1992,1974,16,0
85560,0.5,0.2461706783369803,1105.0486870897155,1828,1813,16,2
85561,0.4948341489940185,0.255573681348559,1118.7041870581838,1839,1823,16,2
85562,0.5128474042999476,0.2716308337703199,1018.5028841111694,1907,1891,16,0
85563,0.4842628382109332,0.24572059635560464,1097.9166206515738,1811,1793,16,2
85564,0.4752530933633296,0.23678290213723285,1151.0044994375703,1778,1763,16,2
85565,0.49223529411764705,0.2625882352941176,936.7948235294118,2125,2112,16,3
85566,0.4789533560864619,0.2508532423208191,1129.6205915813425,1758,1743,16,2
85567,0.5125834617360041,0.241397021058038,1052.366718027735,1947,1930,16,0
85568,0.5123550176500252,0.2521432173474534,997.0746343923348,1983,1971,16,0
85569,0.5039887376818395,0.2332238385734397,906.5021116846551,2131,2114,16,3
85570,0.4840041279669763,0.25593395252837975,1017.9158926728586,1938,1922,16,1
85571,0.4961411245865491,0.24090407938257993,1104.132855567806,1814,1799,16,2
85572,0.4982367758186398,0.2403022670025189,993.0947103274559,1985,1973,16,1
85573,0.49464285714285716,0.25044642857142857,883.2691964285714,2240,2228,16,3
85574,0.511249401627573,0.24030636668262326,925.147917663954,2089,2073,16,3
85575,0.5091575091575091,0.25137362637362637,874.9468864468864,2184,2164,16,3
85576,0.5100671140939598,0.25245224574083636,1007.6344863190501,1937,1916,16,0
85577,0.5030331311245917,0.23705086327578162,915.9440037330845,2143,2121,16,3
85578,0.4973544973544973,0.2529100529100529,1062.9936507936509,1890,1875,16,2
85579,0.4918585064570466,0.261650758001123,1141.7849522740034,1781,1764,16,2
85580,0.48136067101584346,0.23951537744641194,908.90587138863,2146,2129,16,3
85581,0.48206071757129715,0.24379024839006438,898.3146274149034,2174,2154,16,3
85582,0.5114971895758814,0.24220746039856925,1015.4782830863567,1957,1937,16,0
85583,0.5015787099684258,0.2453766350924673,892.0338294993234,2217,2195,16,3
85584,0.4974335044330378,0.24591693887074195,909.8758749416705,2143,2125,16,3
85585,0.48612652608213097,0.2513873473917869,1098.5832408435072,1802,1790,16,2
85586,0.4909862142099682,0.2513255567338282,1035.5933191940615,1886,1871,16,2
85587,0.4721525338685399,0.23482187656798795,1004.7170095333668,1993,1979,16,1
85588,0.4936375603334796,0.2479157525230364,854.5528740675735,2279,2256,16,3
85589,0.509462915601023,0.26342710997442453,1008.3611253196931,1955,1943,16,0
85590,0.5152341973624375,0.24738517507958163,893.1241473396999,2199,2174,16,3
85591,0.511070110701107,0.24077490774907748,902.5009225092251,2168,2147,16,3
85592,0.5016181229773463,0.241793804900601,863.4720295885345,2163,2144,16,3
85593,0.500534188034188,0.2590811965811966,1060.6976495726497,1872,1849,16,2
85594,0.48439897698209716,0.23324808184143223,1031.1038363171356,1955,1939,16,1
85595,0.5089686098654709,0.2609865470852018,871.680269058296,2230,2202,16,3
85596,0.49394086282113425,0.2573921473582162,962.6204556471158,2063,2043,16,3
85597,0.5086887835703001,0.24486571879936808,1080.8014744602422,1899,1886,16,2
85598,0.49214365881032546,0.2558922558922559,1131.023569023569,1782,1773,16,2
85599,0.5052681992337165,0.23994252873563218,917.8433908045977,2088,2072,16,3
85600,0.5060606060606061,0.2409090909090909,1010.0631313131313,1980,1956,16,1
85601,0.4991807755324959,0.2452211906062261,1076.2730748225013,1831,1818,16,2
85602,0.5014985014985015,0.24125874125874125,990.5744255744256,2002,1986,16,1
85603,0.5181818181818182,0.25707070707070706,1028.6444444444444,1980,1964,16,0
85604,0.5089463220675944,0.26093439363817095,993.4244532803181,2012,1992,16,0
85605,0.4960674157303371,0.24831460674157305,1123.3539325842696,1780,1761,16,2
85606,0.5009633911368016,0.2432562620423892,946.8135838150289,2076,2061,16,3
85607,0.5150602409638554,0.24096385542168675,978.8022088353414,1992,1978,16,0
85608,0.5152247462542291,0.23682938617689706,945.8728854519092,2069,2043,16,0
85609,0.5061596143545796,0.24424209962506696,1082.1435457953937,1867,1858,16,2
85610,0.4822565969062784,0.24385805277525022,871.2515923566879,2198,2180,16,3
85611,0.5023877745940784,0.25501432664756446,913.9087870105062,2094,2069,16,3
85612,0.5030023094688222,0.25912240184757507,892.9852193995381,2165,2147,16,3
85613,0.4831358249772106,0.25843208751139474,924.0264357338195,2194,2184,16,3
85614,0.49973890339425586,0.2360313315926893,1035.3033942558748,1915,1903,16,1
85615,0.5029146793852676,0.25119236883942764,1077.2162162162163,1887,1871,16,2
85616,0.514461830251304,0.2555713608345187,930.081081081081,2109,2092,16,3
85617,0.48714069591527986,0.22743318204740293,999.0267271810388,1983,1966,16,1
85618,0.5094951366373321,0.23251505326540065,914.0833719314497,2159,2140,16,3
85619,0.5116973618715779,0.24788451966152314,1005.7814833250374,2009,1989,16,0
85620,0.5187530443253775,0.24403312226010715,957.6760837798344,2053,2036,16,0
85621,0.5095471903982542,0.24713584288052373,1062.1718494271686,1833,1812,16,2
85622,0.4767714687939934,0.22993899577663068,906.0098545283904,2131,2115,16,1
85623,0.5007208073041807,0.2522825564632388,950.0581451225372,2081,2065,16,3
85624,0.499003984063745,0.2410358565737052,975.2838645418327,2008,1992,16,1
85625,0.5113744075829384,0.23649289099526066,932.1862559241706,2110,2088,16,3
85626,0.5085872576177285,0.23545706371191136,1116.3578947368421,1805,1793,16,2
85627,0.5107181136120043,0.2341907824222937,1044.8167202572347,1866,1856,16,2
85628,0.48863636363636365,0.25727272727272726,865.1754545454545,2200,2179,16,3
85629,0.5105315947843531,0.2522567703109328,976.1339017051154,1994,1978,16,0
85630,0.5170387779083431,0.24853113983548766,1178.5593419506463,1702,1689,16,2
85631,0.49012048192771085,0.24963855421686748,951.9498795180723,2075,2052,16,1
85632,0.5100748416810593,0.24409902130109384,1141.6384571099597,1737,1724,16,2
85633,0.4863773965691221,0.248234106962664,1001.6160443995964,1982,1966,16,1
85634,0.5146354443853113,0.24161788185204897,1083.0627993613625,1879,1869,16,2
85635,0.5173745173745173,0.2562741312741313,948.1805019305019,2072,2055,16,0
85636,0.5085095410005157,0.26044352759154205,1054.6621970087674,1939,1922,16,0
85637,0.509286412512219,0.25024437927663734,978.0078201368524,2046,2023,16,0
85638,0.5025380710659898,0.25736040609137056,975.3446700507615,1970,1954,16,0
85639,0.4970384995064166,0.26159921026653504,972.5138203356368,2026,2006,16,0
85640,0.49538162372386974,0.25230918813806513,946.6193485658727,2057,2032,16,1
85641,0.4993020009306654,0.23173569101907865,915.6979990693346,2149,2128,16,3
85642,0.4885605338417541,0.24785510009532888,936.7840800762631,2098,2075,16,3
85643,0.4921875,0.24375,1011.5067708333333,1920,1906,16,1
85644,0.5156424581005586,0.24916201117318434,1121.450279329609,1790,1776,16,2
85645,0.4839347503707365,0.23232822540781017,957.3351458230351,2023,2009,16,1
85646,0.479933110367893,0.26031215161649945,1122.7603121516165,1794,1781,16,2
85647,0.49899799599198397,0.250501002004008,994.1653306613226,1996,1975,16,1
85648,0.5013220518244316,0.25118984664198835,1056.4664198836595,1891,1880,16,2
85649,0.5230024213075061,0.2566585956416465,927.846004842615,2065,2046,16,0
85650,0.5026634382566586,0.2619854721549637,958.9569007263923,2065,2045,16,0
85651,0.48822605965463106,0.261119832548404,1052.8220826792256,1911,1896,16,2
85652,0.49016641452344933,0.25012607160867373,1022.78517397882,1983,1966,16,1
85653,0.4884526558891455,0.2603926096997691,1163.6668591224018,1732,1723,16,2
85654,0.5039957378795951,0.23175279701651572,1058.1795418220565,1877,1863,16,2
85655,0.49328512396694213,0.27169421487603307,1031.7763429752067,1936,1922,16,0
85656,0.5054787994282992,0.24487851357789422,931.3725583611243,2099,2078,16,3
85657,0.5063357972544879,0.27455121436114044,1052.0174234424499,1894,1880,16,0
85658,0.4785751161590088,0.25400103252452244,1017.9158492514197,1937,1916,16,1
85659,0.49031600407747195,0.24311926605504589,1000.22375127421,1962,1948,16,1
85660,0.4833098260460743,0.24870709920075224,939.4367653972731,2127,2106,16,3
85661,0.49808429118773945,0.2556102900930487,1117.3891625615763,1827,1814,16,2
85662,0.49081632653061225,0.24642857142857144,984.2372448979592,1960,1943,16,1
85663,0.5107361963190185,0.2561349693251534,1008.4350715746422,1956,1939,16,0
85664,0.4969481180061038,0.25127161749745675,1005.5147507629705,1966,1948,16,1
85665,0.506416584402764,0.26702862783810466,953.7339585389931,2026,2011,16,0
85666,0.48206599713055953,0.2515542802486848,928.0052606408417,2091,2071,16,3
85667,0.5010718113612004,0.2433011789924973,1086.3494105037514,1866,1847,16,2
85668,0.4954081632653061,0.25,1014.2535714285714,1960,1946,16,1
85669,0.5008086253369273,0.2339622641509434,1068.5056603773585,1855,1843,16,2
85670,0.4910277324632953,0.233278955954323,1109.8504622077216,1839,1826,16,2
85671,0.4851639770952629,0.24726704841228528,1041.8703800104113,1921,1907,16,1
85672,0.5157371617890668,0.2578685808945334,1146.9878520154612,1811,1799,16,2
85673,0.5079609655880842,0.25680534155110424,1026.1083718541345,1947,1929,16,0
85674,0.5112781954887218,0.23609022556390977,1015.319298245614,1995,1978,16,0
85675,0.5,0.2528032619775739,992.9001019367992,1962,1940,16,0
85676,0.5048766494549627,0.2518646012621916,1173.8060814687321,1743,1730,16,2
85677,0.5025125628140703,0.24522613065326634,988.7336683417085,1990,1972,16,1
85678,0.49867654843832715,0.24986765484383272,1083.3748014822656,1889,1877,16,2
85679,0.4832657200811359,0.24087221095334685,995.2545638945234,1972,1957,16,1
85680,0.4989165763813651,0.24972914409534128,1110.1305525460455,1846,1827,16,2
85681,0.48827726809378186,0.2619775739041794,1007.6936799184506,1962,1947,16,1
85682,0.5189333333333334,0.2554666666666667,1053.4949333333334,1875,1854,16,0
85683,0.5053218449062341,0.2524075012671059,990.8003041054233,1973,1967,16,0
85684,0.4800732936326157,0.2514887769125057,885.4260192395785,2183,2167,16,3
85685,0.4951219512195122,0.2526829268292683,976.9760975609756,2050,2033,16,1
85686,0.493065518890483,0.25107604017216645,955.6982305117169,2091,2076,16,3
85687,0.4987928536938677,0.2520521487204249,957.0347658136166,2071,2054,16,3
85688,0.5089707271010387,0.2525967894239849,929.2691218130311,2118,2103,16,3
85689,0.5095011876484561,0.23871733966745842,1198.1549881235155,1684,1671,16,2
85690,0.49797160243407707,0.23073022312373226,1004.6379310344828,1972,1960,16,1
85691,0.500515995872033,0.24097007223942207,1008.1811145510836,1938,1923,16,1
85692,0.5044004400440044,0.2480748074807481,1097.961496149615,1818,1806,16,2
85693,0.48920140632847814,0.2345554997488699,977.2089402310397,1991,1979,16,1
85694,0.52431906614786,0.2441634241245136,933.2928015564203,2056,2042,16,0
85695,0.49464668094218417,0.27944325481798715,1066.3982869379015,1868,1850,16,2
85696,0.4862005519779209,0.2644894204231831,879.2976080956762,2174,2155,16,3
85697,0.5130606209955643,0.2523410547067521,961.533267619517,2029,2007,16,0
85698,0.48179749715585896,0.2434584755403868,1146.5523321956769,1758,1745,16,2
85699,0.501327668613914,0.24853956452469464,1071.9272437599575,1883,1869,16,2
85700,0.4995136186770428,0.23394941634241245,939.4114785992218,2056,2036,16,1
85701,0.5005740528128588,0.256601607347876,1147.694603903559,1742,1729,16,2
85702,0.5224489795918368,0.2540816326530612,988.6132653061225,1960,1944,16,0
85703,0.4823821339950372,0.2456575682382134,985.7568238213399,2015,1995,16,1
85704,0.49076385421867197,0.2531203195207189,978.6590114827758,2003,1986,16,1
85705,0.5243523316062176,0.23989637305699482,1042.341968911917,1930,1914,16,0
85706,0.4946524064171123,0.2415329768270945,860.5227272727273,2244,2225,16,3
85707,0.4871914299021891,0.26548672566371684,919.437354448067,2147,2135,16,3
85708,0.5055408970976253,0.23377308707124012,1059.3456464379947,1895,1877,16,2
85709,0.5034653465346535,0.25742574257425743,996.7569306930693,2020,1998,16,0
85710,0.5099135739705135,0.2602948652770717,992.6080325368581,1967,1948,16,0
85711,0.47689463955637706,0.2541589648798521,918.0563770794824,2164,2147,16,3
85712,0.4968369829683698,0.23698296836982968,968.054501216545,2055,2030,16,1
85713,0.5032194155522536,0.24764735017335315,986.4160475482912,2019,2000,16,0
85714,0.4988537368179734,0.25080238422741863,897.8638239339753,2181,2159,16,3
85715,0.4954314720812183,0.24619289340101522,1009.2583756345177,1970,1953,16,1
85716,0.4954325631380978,0.25416442772702846,1050.5980655561525,1861,1843,16,2
85717,0.5036855036855037,0.23931203931203932,960.8855036855036,2035,2013,16,1
85718,0.483349191246432,0.23549000951474786,932.0794481446242,2102,2077,16,1
85719,0.4967105263157895,0.23848684210526316,1113.5356359649122,1824,1815,16,2
85720,0.5180912427897221,0.24803356056633455,1024.5941269008915,1907,1894,16,0
85721,0.49407302038880985,0.2532005689900427,951.7861545756283,2109,2089,16,3
85722,0.5009107468123861,0.24817850637522768,879.3743169398907,2196,2166,16,3
85723,0.4795969773299748,0.22972292191435767,1009.5607052896726,1985,1966,16,1
85724,0.5019723865877712,0.252465483234714,991.0468441814596,2028,2014,16,0
85725,0.4823465507876154,0.24932102118413904,1073.7935904399783,1841,1824,16,2
85726,0.513083632632119,0.2662904053360698,1018.0266803488969,1949,1929,16,0
85727,0.5110552763819095,0.25879396984924624,969.6085427135679,1990,1969,16,0
85728,0.4968220338983051,0.2563559322033898,1058.865466101695,1888,1867,16,2
85729,0.48285247686445293,0.2520413718018508,1093.135002721829,1837,1820,16,2
85730,0.49480590486604703,0.23892837616183707,1083.055768179333,1829,1821,16,2
85731,0.5158562367864693,0.2536997885835095,1063.1601479915435,1892,1875,16,0
85732,0.49461312438785504,0.25220372184133205,961.06611165524,2042,2024,16,1
85733,0.5084838533114395,0.23700054734537493,1089.6436781609195,1827,1804,16,2
85734,0.4990069513406157,0.2522343594836147,979.3470705064548,2014,2001,16,0
85735,0.48482060717571296,0.24195032198712052,865.6517939282429,2174,2149,16,3
85736,0.4896073903002309,0.2517321016166282,885.8443418013857,2165,2144,16,3
85737,0.5031026252983294,0.25632458233890215,946.1751789976133,2095,2074,16,3
85738,0.5012518778167251,0.24636955433149724,961.8848272408613,1997,1985,16,1
85739,0.4826694257630626,0.23848939472322814,1034.8877392653906,1933,1920,16,1
85740,0.4971369078604893,0.24362311296199896,1054.8740239458616,1921,1894,16,1
85741,0.5087623220153341,0.2267250821467689,1106.567360350493,1826,1813,16,2
85742,0.514763779527559,0.2485236220472441,983.8754921259842,2032,2008,16,0
85743,0.5024449877750611,0.25,1270.5213936430318,1636,1625,16,2
85744,0.5020845741512805,0.24776652769505658,1178.834425253127,1679,1669,16,2
85745,0.49622997172478794,0.2412818096135721,929.6578699340245,2122,2107,16,3
85746,0.505,0.2395,967.715,2000,1984,16,1
85747,0.4770085901970692,0.24204143506821627,985.6978271854472,1979,1960,16,1
85748,0.49571106094808126,0.2600451467268623,886.7851015801355,2215,2198,16,3
85749,0.4973797046212482,0.25869461648404,947.339209147213,2099,2081,16,3
85750,0.509453781512605,0.25682773109243695,1048.3324579831933,1904,1890,16,0
85751,0.4997677659080353,0.24941941477008825,934.0840687412913,2153,2136,16,3
85752,0.4909800097513408,0.2671867381764993,964.9410043881034,2051,2040,16,3
85753,0.507177033492823,0.24242424242424243,1062.7410951621478,1881,1867,16,2
85754,0.4879328436516264,0.2565582371458552,1055.316369359916,1906,1895,16,2
85755,0.519916142557652,0.25052410901467503,1051.2117400419288,1908,1892,16,0
85756,0.5140913508260447,0.25072886297376096,932.9917395529641,2058,2040,16,0
85757,0.48772845953002614,0.2584856396866841,1037.595822454308,1915,1900,16,1
85758,0.5150684931506849,0.2482191780821918,1099.4186301369864,1825,1815,16,2
85759,0.5104058272632674,0.24193548387096775,1043.3657648283038,1922,1910,16,0
85760,0.49947201689545934,0.24868004223864837,1059.1594508975713,1894,1883,16,2
85761,0.5114914425427873,0.24889975550122248,968.3530562347188,2045,2026,16,0
85762,0.4939879759519038,0.2409819639278557,993.8496993987976,1996,1978,16,1
85763,0.507808564231738,0.2473551637279597,1024.7319899244333,1985,1967,16,0
85764,0.4959437533802055,0.24607896160086534,1094.421308815576,1849,1838,16,2
85765,0.5007890583903208,0.25828511309836927,1040.4302998421883,1901,1886,16,0
85766,0.5002736726874658,0.24028461959496442,1102.5391351943076,1827,1817,16,2
85767,0.5076923076923077,0.25039787798408486,1071.0610079575597,1885,1873,16,2
85768,0.5110984632896983,0.2657939669891861,1154.1923733636881,1757,1744,16,2
85769,0.5152454780361757,0.25478036175710594,1036.4289405684754,1935,1920,16,0
85770,0.49577861163227016,0.25375234521575984,896.5525328330207,2132,2111,16,3
85771,0.49466666666666664,0.244,867.7573333333333,2250,2234,16,3
85772,0.5077498663816141,0.25227151256012825,1074.5312667022981,1871,1853,16,2
85773,0.5019550342130987,0.25024437927663734,964.6309872922776,2046,2025,16,0
85774,0.5203331700146987,0.24056834884860362,971.5600195982362,2041,2014,16,0
85775,0.47325933400605447,0.260343087790111,994.8970736629667,1982,1963,16,1
85776,0.5079207920792079,0.22772277227722773,960.95,2020,2005,16,1
85777,0.4938737040527804,0.25164938737040526,912.1046182846371,2122,2099,16,3
85778,0.49237243556023147,0.2425039452919516,1055.5691741188848,1901,1891,16,1
85779,0.4921494315105577,0.23605847319978343,1097.9994585814834,1847,1831,16,2
85780,0.4980544747081712,0.2519455252918288,950.8453307392996,2056,2037,16,3
85781,0.5073791348600509,0.24376590330788805,1010.1613231552163,1965,1949,16,0
85782,0.5026056745801969,0.24145917776491024,1139.588303416329,1727,1711,16,2
85783,0.4993234100135318,0.2476319350473613,868.8218313035634,2217,2192,16,3
85784,0.5116926503340757,0.2577951002227171,1126.2344097995547,1796,1785,16,2
85785,0.515,0.2425,994.2245,2000,1984,16,0
85786,0.5092497430626927,0.2574511819116136,1022.2995889003083,1946,1932,16,0
85787,0.5023234200743495,0.25325278810408924,896.403345724907,2152,2125,16,3
85788,0.5071164997364259,0.2598840274117027,1060.564048497628,1897,1885,16,0
85789,0.4894493051981472,0.23829130211013896,1004.1502830674215,1943,1931,16,1
85790,0.501088376142795,0.24379625598606877,847.5398345668262,2297,2274,16,3
85791,0.4777892561983471,0.2505165289256198,1030.9896694214876,1936,1917,16,1
85792,0.5059493016037248,0.25090532850491465,1009.6590791515779,1933,1916,16,0
85793,0.5046228710462287,0.2671532846715328,954.1464720194647,2055,2033,16,0
85794,0.5252688172043011,0.2586021505376344,1080.8908602150539,1860,1851,16,0
85795,0.4965415019762846,0.25148221343873517,976.3601778656126,2024,2004,16,1
85796,0.4898255813953488,0.250968992248062,943.8885658914729,2064,2044,16,1
85797,0.5198910081743869,0.2544959128065395,1107.4648501362399,1835,1824,16,2
85798,0.5107632093933464,0.2568493150684932,976.1379647749511,2044,2020,16,0
85799,0.4820177487155535,0.24194301728164408,948.0822045773003,2141,2121,16,3
85800,0.48427115640230395,0.2565352237483385,867.5715551617191,2257,2233,16,3
85801,0.5162271805273834,0.2591277890466531,995.6861054766734,1972,1958,16,0
85802,0.5126273814798405,0.24014178112538767,848.9171466548515,2257,2232,16,3
85803,0.5187255449972051,0.22917831190609278,1178.010061486864,1789,1779,16,2
85804,0.528705636743215,0.22964509394572025,1043.1633611691022,1916,1903,16,0
85805,0.4987568373943312,0.2560914967677772,961.0442565887618,2011,1998,16,0
85806,0.4941307993292342,0.2537730575740637,1115.1067635550587,1789,1778,16,2
85807,0.5019646365422397,0.26473477406679763,959.7445972495088,2036,2015,16,0
85808,0.5142265907915158,0.25038799793067773,1042.5483704086912,1933,1918,16,0
85809,0.5312653865091088,0.258985721319547,986.410635155096,2031,2007,16,0
85810,0.5013262599469496,0.26525198938992045,1058.197877984085,1885,1864,16,2
85811,0.4987916868052199,0.23924601256645722,931.2716288061865,2069,2054,16,1
85812,0.5090487238979118,0.2593967517401392,898.2055684454756,2155,2136,16,3
85813,0.5,0.25656108597285066,887.8506787330317,2210,2185,16,3
85814,0.5102941176470588,0.2553921568627451,962.7024509803922,2040,2030,16,0
85815,0.4919735599622285,0.2516525023607177,934.1586402266289,2118,2097,16,3
85816,0.5007132667617689,0.25344745601521634,934.2391821207798,2103,2081,16,3
85817,0.5045723507261969,0.24314147391070468,1049.3808499193115,1859,1847,16,2
85818,0.4992636229749632,0.24840451644575356,968.7623956799215,2037,2016,16,1
85819,0.5154994259471871,0.24971297359357061,1193.1188289322617,1742,1726,16,2
85820,0.49063670411985016,0.26324237560192615,1059.7870518994114,1869,1846,16,2
85821,0.49668141592920356,0.25,1090.220132743363,1808,1799,16,2
85822,0.4898314933178385,0.22428820453224868,1144.5136548518303,1721,1699,16,2
85823,0.5068159688412853,0.24488802336903603,969.4289191820837,2054,2039,16,0
85824,0.5002544529262086,0.25190839694656486,975.2218829516539,1965,1951,16,0
85825,0.49819121447028425,0.24444444444444444,1030.9333333333334,1935,1914,16,1
85826,0.5040609137055837,0.2532994923857868,1033.5791878172588,1970,1957,16,0
85827,0.5209513023782559,0.2491506228765572,1119.039637599094,1766,1753,16,2
85828,0.518022657054583,0.2512873326467559,986.7095777548918,1942,1924,16,0
85829,0.4728483606557377,0.23975409836065573,1021.7453893442623,1952,1931,16,1
85830,0.4965553789083201,0.2575516693163752,1081.5686274509803,1887,1878,16,2
85831,0.5063913470993117,0.2512291052114061,965.7143559488692,2034,2019,16,0
85832,0.4815179891572203,0.23952686052242483,944.5855101034992,2029,2014,16,1
85833,0.5068752963489805,0.2555713608345187,934.7396870554766,2109,2081,16,3
85834,0.5036333147009503,0.2543320290665176,1135.848518725545,1789,1771,16,2
85835,0.4978902953586498,0.2555086732301922,934.863103609939,2133,2119,16,3
85836,0.4948559670781893,0.25617283950617287,1001.891975308642,1944,1923,16,1
85837,0.4983783783783784,0.25135135135135134,1051.3021621621622,1850,1834,16,2
85838,0.4872196139801774,0.2378716744913928,1038.605633802817,1917,1908,16,1
85839,0.50076726342711,0.23478260869565218,1011.7171355498721,1955,1939,16,1
85840,0.49214145383104124,0.23968565815324164,973.0898821218075,2036,2021,16,1
85841,0.48140994688556255,0.2472235634958957,943.0603573153066,2071,2049,16,1
85842,0.48360655737704916,0.24282786885245902,1016.4702868852459,1952,1939,16,1
85843,0.48822515795519816,0.257323377369328,1165.3136128661688,1741,1724,16,2
85844,0.5165233137166139,0.2521502942507922,861.9968311453147,2209,2184,16,3
85845,0.4850586979722519,0.2700106723585913,1053.781750266809,1874,1859,16,2
85846,0.5002707092582567,0.25771521386031404,1065.8505684894424,1847,1833,16,2
85847,0.49817992719708787,0.22932917316692666,1031.504940197608,1923,1906,16,1
85848,0.4930624380574827,0.244796828543112,984.9563924677899,2018,1998,16,1
85849,0.5334739061676331,0.24512387981022668,1076.0332103321034,1897,1880,16,0
85850,0.4884965222043874,0.2578919208132691,1076.9860888175494,1869,1850,16,2
85851,0.49974398361495137,0.2565284178187404,1038.1326164874552,1953,1935,16,0
85852,0.5174154467440687,0.25946491670873295,989.4916708732964,1981,1963,16,0
85853,0.4852585790236829,0.2416626389560174,956.1401643305945,2069,2051,16,1
85854,0.5024793388429752,0.2534435261707989,1105.7779614325068,1815,1800,16,2
85855,0.48579682233991334,0.2416947520462205,951.136254212807,2077,2062,16,1
85856,0.4848338950409244,0.2445835339431873,948.9118921521425,2077,2056,16,1
85857,0.49430523917995445,0.23416856492027335,892.9808656036447,2195,2176,16,3
85858,0.5157333333333334,0.24373333333333333,1042.0165333333334,1875,1859,16,0
85859,0.4992158912702561,0.2456874019864088,1076.0862519602717,1913,1900,16,2
85860,0.4909584086799277,0.24276672694394213,901.6998191681736,2212,2196,16,3
85861,0.49614791987673346,0.25115562403698,1020.0991268618387,1947,1941,16,1
85862,0.49812734082397003,0.24282147315855182,1268.2228464419475,1602,1589,16,2
85863,0.4969921332716335,0.26330402591392876,919.8565478944932,2161,2143,16,3
85864,0.5352455031599417,0.25279533300923673,948.2532814778804,2057,2031,16,0
85865,0.4987568373943312,0.26056688214818496,976.9030333167578,2011,2000,16,0
85866,0.48739495798319327,0.2552521008403361,1071.110294117647,1904,1891,16,2
85867,0.5006772009029345,0.2514672686230248,907.7679458239278,2215,2200,16,3
85868,0.5002481389578164,0.24069478908188585,985.9682382133996,2015,2001,16,1
85869,0.5075012933264356,0.24314536989136057,1019.5561303673047,1933,1917,16,0
85870,0.48770277341705914,0.2360020931449503,1016.902145473574,1911,1890,16,1
85871,0.4860305745914602,0.2477596204533474,1024.9562467053242,1897,1888,16,1
85872,0.5010319917440661,0.25077399380804954,975.7621259029928,1938,1922,16,0
85873,0.5209914011127972,0.25139099645928176,998.7946383409206,1977,1957,16,0
85874,0.5081417624521073,0.2533524904214559,960.06561302682,2088,2062,16,0
85875,0.5091698841698842,0.25,964.1800193050193,2072,2050,16,0
85876,0.5121951219512195,0.26381284221005474,994.1090094574415,2009,1991,16,0
85877,0.490053372149442,0.22707423580786026,979.3755458515284,2061,2047,16,1
85878,0.49720386375190645,0.2435180477885104,1019.2730045754956,1967,1946,16,1
85879,0.4965859714463066,0.23960273122284295,1276.4549968963377,1611,1606,16,2
85880,0.5055050263283868,0.25658209669698423,958.0047869794159,2089,2072,16,3
85881,0.4813966800228964,0.24155695477962222,1164.9444762449914,1747,1736,16,2
85882,0.4904862579281184,0.24577167019027485,1057.6649048625793,1892,1881,16,2
85883,0.5087991718426501,0.2432712215320911,1058.6092132505175,1932,1918,16,0
85884,0.47971698113207545,0.2481132075471698,900.2462264150944,2120,2098,16,3
85885,0.4836533471717696,0.2319667877529839,1051.406850025947,1927,1910,16,1
85886,0.5002311604253352,0.2431807674526121,915.5520110957004,2163,2149,16,3
85887,0.5012013455069678,0.24891878904372897,944.993272465161,2081,2062,16,3
85888,0.4716981132075472,0.23485600794438927,993.9880834160874,2014,1994,16,1
85889,0.49924280666330134,0.24432104997476023,985.3498233215548,1981,1962,16,1
85890,0.505840528186897,0.23108176739461656,1011.6251904520061,1969,1957,16,1
85891,0.48982957669048927,0.2556349642660803,1122.2781748213304,1819,1806,16,2
85892,0.49832295160517487,0.25107810253953045,942.2410158121705,2087,2067,16,3
85893,0.5035460992907801,0.23131478450627388,1076.6382978723404,1833,1819,16,2
85894,0.5042134831460674,0.23829588014981273,895.5411985018727,2136,2123,16,3
85895,0.5002826455624647,0.2526851328434144,1131.8338044092707,1769,1754,16,2
85896,0.5091538842157348,0.23206333498268183,973.8411677387433,2021,2000,16,1
85897,0.4962962962962963,0.24603174603174602,1044.4227513227513,1890,1875,16,2
85898,0.49751737835153925,0.24826216484607747,975.5173783515393,2014,1998,16,1
85899,0.4873994638069705,0.24075067024128685,1066.3072386058982,1865,1848,16,2
85900,0.5050602409638554,0.27325301204819274,946.2414457831326,2075,2048,16,0
85901,0.48725348725348727,0.26022126022126024,937.3088023088023,2079,2060,16,3
85902,0.5063761955366631,0.26195536663124336,1070.5350690754517,1882,1860,16,2
85903,0.48596222562531904,0.25880551301684535,1029.0336906584992,1959,1945,16,1
85904,0.49603567888999006,0.25867195242814667,997.4886025768087,2018,2002,16,0
85905,0.49069643806485913,0.253056884635832,1060.903774587985,1881,1863,16,2
85906,0.5090464547677261,0.2572127139364303,979.0088019559902,2045,2028,16,0
85907,0.49416909620991256,0.24586977648202138,944.7891156462586,2058,2039,16,1
85908,0.4935864545920985,0.2508978963571062,1010.07798871216,1949,1935,16,1
85909,0.5009009009009009,0.2594594594594595,1196.103903903904,1665,1652,16,2
85910,0.5036572622779519,0.2659352142110763,1051.8051201671892,1914,1895,16,0
85911,0.5062240663900415,0.2645228215767635,1026.2904564315352,1928,1912,16,0
85912,0.504210004952947,0.2526002971768202,965.3179791976225,2019,2007,16,0
85913,0.5069839627521987,0.23745473357475427,1017.4764614588722,1933,1921,16,1
85914,0.4860579551667578,0.2569710224166211,1114.73920174959,1829,1820,16,2
85915,0.503735325506937,0.24279615795090714,1059.3820704375667,1874,1860,16,2
85916,0.5061064973131412,0.24816805080605764,965.2423058133854,2047,2037,16,0
85917,0.5066242713301536,0.23529411764705882,1050.2649708532063,1887,1873,16,2
85918,0.49906542056074765,0.24766355140186916,913.0060747663551,2140,2123,16,3
85919,0.5217853347502657,0.2502656748140276,1041.3597236981934,1882,1867,16,0
85920,0.509090909090909,0.25353535353535356,973.6222222222223,1980,1954,16,0
85921,0.4907235621521336,0.25556586270871984,914.9628942486086,2156,2141,16,3
85922,0.5231155778894472,0.24522613065326634,999.1060301507538,1990,1972,16,0
85923,0.4846398305084746,0.2478813559322034,1046.3289194915253,1888,1868,16,1
85924,0.4853672004417449,0.22805080066261735,1111.4964108227498,1811,1796,16,2
85925,0.4874517374517375,0.24179536679536678,940.7688223938223,2072,2053,16,1
85926,0.5051305970149254,0.2537313432835821,905.2597947761194,2144,2120,16,3
85927,0.4986972381448671,0.24700364773319436,1023.598228243877,1919,1902,16,1
85928,0.4991905018888289,0.22288181327576903,1100.7749595250943,1853,1839,16,2
85929,0.5016181229773463,0.2594390507011866,1073.4439050701187,1854,1839,16,2
85930,0.4943518020441097,0.25443786982248523,1073.4362560516406,1859,1846,16,2
85931,0.5073704232049453,0.23870660960532572,934.8040893961008,2103,2084,16,3
85932,0.5061267980820459,0.2685135855087906,1062.8449653702717,1877,1865,16,0
85933,0.5139423076923076,0.24086538461538462,955.0514423076924,2080,2066,16,0
85934,0.5052473763118441,0.25287356321839083,971.5452273863068,2001,1980,16,0
85935,0.493048128342246,0.24759358288770053,1099.2470588235294,1870,1854,16,2
85936,0.5006821282401092,0.23647112323783537,858.8108231014097,2199,2179,16,3
85937,0.4978595890410959,0.23972602739726026,800.2354452054794,2336,2320,16,3
85938,0.49222546161321673,0.2468415937803693,976.2536443148688,2058,2041,16,1
85939,0.5081716036772217,0.22727272727272727,999.7012257405515,1958,1942,16,1
85940,0.4968911917098446,0.2523316062176166,1018.2098445595855,1930,1912,16,1
85941,0.5058078141499472,0.2676874340021119,1064.0876451953538,1894,1885,16,0
85942,0.5098985997102848,0.23418638338966682,957.6475132786094,2071,2052,16,1
85943,0.49429846306395636,0.2627664848785325,983.2449181953397,2017,1998,16,0
85944,0.5260287555775904,0.24343083787803668,958.4700049578582,2017,2006,16,0
85945,0.4869606448553817,0.2574679943100996,957.3679468942627,2109,2095,16,3
85946,0.4965477560414269,0.22784810126582278,1139.6766398158804,1738,1722,16,2
85947,0.5,0.25693069306930694,995.5693069306931,2020,2004,16,0
85948,0.5219206680584552,0.23643006263048016,1047.9170146137787,1916,1901,16,0
85949,0.4878522837706511,0.24441205053449952,956.1326530612245,2058,2042,16,1
85950,0.5058275058275058,0.2428904428904429,915.4881118881119,2145,2126,16,3
85951,0.515019115237575,0.2599672310212998,1108.1747678864008,1831,1814,16,2
85952,0.4846153846153846,0.24479638009049773,895.7981900452488,2210,2181,16,3
85953,0.4988579259936044,0.2594792142530836,925.0653266331658,2189,2167,16,3
85954,0.4976228209191759,0.24933967247754887,1059.6032752245114,1893,1882,16,2
85955,0.505578093306288,0.24949290060851928,1006.2956389452332,1972,1953,16,0
85956,0.5052966101694916,0.25,1042.7658898305085,1888,1870,16,2
85957,0.524581589958159,0.25732217573221755,1041.833158995816,1912,1904,16,0
85958,0.5102577590741715,0.24145186743819042,995.2793266701736,1901,1878,16,0
85959,0.4920787325972156,0.25924147863658187,944.7397983677388,2083,2054,16,3
85960,0.5095367847411444,0.2501362397820163,1108.3449591280653,1835,1823,16,2
85961,0.4994369369369369,0.24774774774774774,1094.8682432432433,1776,1764,16,2
85962,0.5014895729890765,0.24478649453823237,984.0427010923536,2014,1996,16,1
85963,0.5105173393973849,0.25525866969869243,1131.9363274587834,1759,1738,16,2
85964,0.5192012288786483,0.24679979518689196,1031.8858166922682,1953,1947,16,0
85965,0.5121107266435986,0.24666337123084528,983.0138408304498,2023,2004,16,0
85966,0.5104166666666666,0.2490079365079365,988.4737103174604,2016,2002,16,0
85967,0.5026652452025586,0.2563965884861407,1102.7158848614072,1876,1858,16,2
85968,0.4974214721050164,0.2676980778246601,897.7585560243788,2133,2110,16,3
85969,0.4836025452765541,0.25697503671071953,957.2496328928047,2043,2030,16,1
85970,0.4934049829018075,0.25940400586223744,976.838299951148,2047,2020,16,1
85971,0.5101535413571074,0.24021792966815256,984.2189202575532,2019,1993,16,0
85972,0.4883277751310148,0.2591710338256313,928.953311100524,2099,2080,16,3
85973,0.4864504664593514,0.23989338071968014,858.8014215904043,2251,2227,16,3
85974,0.5117370892018779,0.24788732394366197,916.3145539906103,2130,2116,16,3
85975,0.5025667351129364,0.2535934291581109,1009.0426078028747,1948,1925,16,0
85976,0.5119530897609382,0.2557510148849797,883.1641858367162,2217,2203,16,3
85977,0.5114503816793893,0.247546346782988,1116.5725190839694,1834,1820,16,2
85978,0.47955010224948874,0.24642126789366053,1020.0628834355829,1956,1941,16,1
85979,0.4850152905198777,0.25749235474006116,1278.2006116207951,1635,1628,16,2
85980,0.5134032634032634,0.24417249417249418,1174.9796037296037,1716,1701,16,2
85981,0.5190839694656488,0.23991275899672845,1078.655943293348,1834,1824,16,2
85982,0.507639231148349,0.259733859043864,988.6229669788073,2029,2011,16,0
85983,0.4910112359550562,0.23426966292134832,1118.9921348314606,1780,1768,16,2
85984,0.5175345377258236,0.24070138150903295,1082.8894792773644,1882,1867,16,2
85985,0.48435374149659866,0.2589569160997732,872.0625850340136,2205,2185,16,3
85986,0.4965862539827037,0.24260355029585798,887.9508420573509,2197,2179,16,3
85987,0.5106502242152466,0.24719730941704035,1092.6726457399104,1784,1773,16,2
85988,0.49281767955801103,0.24696132596685083,1108.5900552486187,1810,1798,16,2
85989,0.48824082784571965,0.23518344308560676,931.1406396989652,2126,2107,16,3
85990,0.5029411764705882,0.24509803921568626,960.1235294117647,2040,2022,16,1
85991,0.5085995085995086,0.24324324324324326,996.5326781326781,2035,2010,16,0
85992,0.5099601593625498,0.24452191235059761,989.7196215139443,2008,1984,16,0
85993,0.5045430251202565,0.24799572421165153,1076.8391234633887,1871,1858,16,2
85994,0.4939642684693385,0.2380492515692902,974.0338000965717,2071,2055,16,1
85995,0.5142017629774731,0.25122428991185114,937.4872673849168,2042,2025,16,0
85996,0.471505376344086,0.24946236559139784,1042.0913978494623,1860,1844,16,1
85997,0.5082964601769911,0.2594026548672566,1137.6155973451328,1808,1797,16,2
85998,0.4939695857367593,0.24803356056633455,1052.4069218668064,1907,1895,16,1
85999,0.5080687142113482,0.25923997917751174,1051.006246746486,1921,1899,16,0
86000,0.4926600117439812,0.2501467997651204,1203.0569583088668,1703,1690,16,2
86001,0.4875791524598149,0.25669751583049194,930.3399902581588,2053,2034,16,3
86002,0.5148018063221275,0.23783241344706474,995.9322629202208,1993,1977,16,0
86003,0.5004945598417408,0.24381800197823936,960.120178041543,2022,2006,16,1
86004,0.5065666041275797,0.25140712945590993,903.7879924953096,2132,2108,16,3
86005,0.49634324719648953,0.25792296440760604,932.2042905899561,2051,2033,16,3
86006,0.5086737548964745,0.2523782876329043,1150.2299944040292,1787,1776,16,2
86007,0.5086916742909423,0.23787740164684354,879.243824336688,2186,2165,16,3
86008,0.49493975903614457,0.251566265060241,943.9156626506024,2075,2057,16,3
86009,0.4896265560165975,0.2664822498847395,902.9451360073766,2169,2147,16,3
86010,0.4883955600403633,0.24520686175580222,997.7058526740666,1982,1969,16,1
86011,0.5152815013404826,0.23646112600536193,1046.3308310991956,1865,1843,16,2
86012,0.4881340158213122,0.250814332247557,884.1242438343415,2149,2130,16,3
86013,0.5127008812856402,0.24624157594608606,1020.4546397096941,1929,1910,16,0
86014,0.48639455782312924,0.2633624878522838,981.4475218658893,2058,2040,16,1
86015,0.5077399380804953,0.2770897832817337,1016.7853457172342,1938,1924,16,0
86016,0.47414262384322264,0.2580293957539467,1099.0277626565053,1837,1816,16,2
86017,0.4956647398843931,0.24807321772639693,937.9022157996146,2076,2059,16,3
86018,0.5010940919037199,0.2614879649890591,1108.9223194748358,1828,1813,16,2
86019,0.49731314118221787,0.25842696629213485,946.1284807034685,2047,2030,16,3
86020,0.5033522434244456,0.24342444559051057,1003.337287261475,1939,1924,16,1
86021,0.5004995004995005,0.26323676323676326,976.9075924075925,2002,1979,16,0
86022,0.4856353591160221,0.24640883977900552,1085.350276243094,1810,1795,16,2
86023,0.510593220338983,0.2489406779661017,1056.250529661017,1888,1865,16,2
86024,0.4873387482083134,0.25800286669851885,935.909221213569,2093,2067,16,3
86025,0.4970472440944882,0.25,971.488188976378,2032,2018,16,1
86026,0.511,0.2635,985.0515,2000,1986,16,0
86027,0.5035422343324251,0.25177111716621253,1075.7356948228883,1835,1826,16,2
86028,0.5106088560885609,0.26383763837638374,905.1582103321033,2168,2150,16,3
86029,0.4944500504540868,0.23057517658930374,1037.8198789101916,1982,1963,16,1
86030,0.5,0.24829600778967867,961.5097370983447,2054,2026,16,1
86031,0.4966887417218543,0.2403027436140019,928.344843897824,2114,2101,16,3
86032,0.49016641452344933,0.24962178517397882,992.6903681290974,1983,1972,16,1
86033,0.48633575013943114,0.241494701617401,1133.7032905744563,1793,1780,16,2
86034,0.4889651790093183,0.2564982834722903,959.5895046591467,2039,2023,16,1
86035,0.5,0.23538622129436326,1038.4953027139875,1916,1897,16,1
86036,0.49267578125,0.25341796875,991.5068359375,2048,2029,16,1
86037,0.5164609053497943,0.24588477366255143,988.6054526748972,1944,1936,16,0
86038,0.5088697415103902,0.25950329447541814,992.8479472883934,1973,1956,16,0
86039,0.5016851227732306,0.2392874337987482,957.6090515166105,2077,2058,16,1
86040,0.4817888427846934,0.2425080682342093,880.6662056247119,2169,2137,16,3
86041,0.511639185257032,0.2560620756547042,932.1420950533462,2062,2039,16,0
86042,0.5054015969938939,0.25270079849694693,918.0211366838892,2129,2103,16,3
86043,0.4928111056023798,0.2617749132374814,957.3554784333168,2017,2002,16,0
86044,0.4940898345153664,0.23404255319148937,934.2255319148936,2115,2098,16,3
86045,0.4984771573604061,0.23857868020304568,1026.9456852791877,1970,1956,16,1
86046,0.5152576288144072,0.25962981490745374,996.9654827413707,1999,1982,16,0
86047,0.5048169556840078,0.2302504816955684,943.4258188824663,2076,2058,16,1
86048,0.4954714970697922,0.2456046883324454,1047.5002663825253,1877,1859,16,2
86049,0.49429460580912865,0.2712655601659751,1027.0871369294605,1928,1907,16,0
86050,0.5134776844896155,0.2615996464869642,845.7366327883341,2263,2241,16,3
86051,0.4893410852713178,0.24563953488372092,927.1589147286821,2064,2041,16,1
86052,0.5044554455445545,0.25792079207920793,971.8608910891089,2020,2003,16,0
86053,0.48854581673306774,0.2594621513944223,994.6045816733068,2008,1995,16,1
86054,0.49007314524555906,0.2309299895506792,1041.8385579937303,1914,1898,16,1
86055,0.502092050209205,0.26545792654579264,923.4760576476058,2151,2130,16,3
86056,0.5012456402590931,0.2491280518186348,974.2396611858495,2007,1988,16,0
86057,0.5189214758751183,0.24219489120151372,909.1291390728477,2114,2092,16,3
86058,0.5111638954869359,0.2484560570071259,920.978622327791,2105,2095,16,3
86059,0.5087326466636811,0.26287505597850425,865.2937751903269,2233,2219,16,3
86060,0.4927385892116183,0.24688796680497926,1012.929979253112,1928,1915,16,1
86061,0.513399894902785,0.26169206516027327,1018.8817656332108,1903,1891,16,0
86062,0.4764256847777279,0.24068253255500674,899.9070498428379,2227,2198,16,3
86063,0.49111004324843827,0.24651609802979338,948.8289283998078,2081,2062,16,1
86064,0.49326010983524715,0.24113829256115826,980.3325012481278,2003,1985,16,1
86065,0.48184818481848185,0.253025302530253,1101.7134213421343,1818,1802,16,2
86066,0.4952571143285072,0.24663005491762358,1000.3734398402396,2003,1975,16,1
86067,0.4971291866028708,0.2516746411483254,918.0191387559809,2090,2076,16,3
86068,0.4897297297297297,0.25891891891891894,1056.8108108108108,1850,1831,16,2
86069,0.4995395948434622,0.23388581952117865,921.7384898710866,2172,2151,16,3
86070,0.5034610059990771,0.23673281033687124,905.8647900323027,2167,2150,16,3
86071,0.5054563492063492,0.25744047619047616,975.562003968254,2016,1997,16,0
86072,0.4894991922455573,0.26548196015078085,1081.439956919763,1857,1841,16,2
86073,0.48928571428571427,0.24489795918367346,993.8331632653061,1960,1945,16,1
86074,0.5027414592998735,0.25137072964993673,800.6689160691691,2371,2345,16,3
86075,0.5120204603580563,0.24603580562659846,1004.1652173913044,1955,1938,16,0
86076,0.5078676071622354,0.2631578947368421,1088.5284861638634,1843,1830,16,2
86077,0.5095115681233933,0.23187660668380464,1014.8221079691517,1945,1935,16,1
86078,0.4895,0.244,947.5825,2000,1987,16,1
86079,0.5332708528584817,0.2530459231490159,892.6283973758201,2134,2115,16,0
86080,0.5169851380042463,0.2356687898089172,1048.4129511677281,1884,1870,16,2
86081,0.5043436293436293,0.24083011583011582,965.1298262548263,2072,2046,16,1
86082,0.5033269961977186,0.24809885931558937,943.4144486692015,2104,2089,16,3
86083,0.495635305528613,0.2575169738118332,985.5538312318138,2062,2037,16,0
86084,0.5051395007342144,0.25061184532550174,945.3680861478218,2043,2030,16,0
86085,0.4965753424657534,0.24315068493150685,968.0856164383562,2044,2025,16,1
86086,0.491401771756123,0.24491922876498176,1007.6868160500261,1919,1895,16,1
86087,0.5184250378596669,0.24432104997476023,978.183240787481,1981,1959,16,0
86088,0.5037332005973121,0.23693379790940766,972.5017421602787,2009,1992,16,1
86089,0.510482180293501,0.2552410901467505,1049.203354297694,1908,1900,16,0
86090,0.5173439048562933,0.2502477700693756,967.205153617443,2018,1997,16,0
86091,0.5036307053941909,0.254149377593361,1027.7002074688796,1928,1913,16,0
86092,0.5064629847238543,0.2526439482961222,1191.8143360752056,1702,1691,16,2
86093,0.4945945945945946,0.2355855855855856,866.477027027027,2220,2208,16,3
86094,0.4920273348519362,0.2555808656036446,851.5913439635535,2195,2172,16,3
86095,0.5096878363832078,0.26157158234660927,1066.1523143164693,1858,1846,16,2
86096,0.4887300714678395,0.2473886750962067,1097.2231995601978,1819,1805,16,2
86097,0.5069678039404133,0.23738587217683807,943.0168188370975,2081,2059,16,3
86098,0.5205016883743367,0.23974915581283165,969.0332850940665,2073,2055,16,0
86099,0.5206653225806451,0.23840725806451613,1003.3815524193549,1984,1967,16,0
86100,0.5135002454590083,0.25184094256259204,947.6087383406971,2037,2018,16,0
86101,0.4919093851132686,0.25620280474649404,1090.8581445523193,1854,1846,16,2
86102,0.4959543074726321,0.2517848643503094,927.3874345549738,2101,2078,16,3
86103,0.5039018952062431,0.2736900780379041,1122.0033444816054,1794,1780,16,2
86104,0.5045827303424988,0.24457308248914617,934.1157742402315,2073,2051,16,3
86105,0.4959038776624795,0.2648825778263244,1148.2539595849262,1831,1817,16,2
86106,0.5066119471044231,0.24623803009575923,893.4108527131783,2193,2169,16,3
86107,0.5056179775280899,0.24898876404494383,870.5707865168539,2225,2201,16,3
86108,0.5007378258730939,0.23315297589768816,956.8696507624201,2033,2014,16,1
86109,0.5233132199670872,0.2161272627537027,1076.5979155238617,1823,1806,16,2
86110,0.504424778761062,0.2551622418879056,955.401179941003,2034,2019,16,0
86111,0.49151550614394385,0.25043885313048564,1213.9578700994734,1709,1699,16,2
86112,0.4856382978723404,0.24308510638297873,1089.881914893617,1880,1867,16,2
86113,0.5013220518244316,0.25647805393971446,1037.074563722898,1891,1881,16,2
86114,0.49005609382967874,0.2590515043345232,1013.6175420703722,1961,1940,16,1
86115,0.49797804737146156,0.22068168688619294,1170.5407279029462,1731,1715,16,2
86116,0.4912731006160164,0.25051334702258726,998.2120123203285,1948,1931,16,1
86117,0.5119804400977995,0.2449877750611247,951.4880195599022,2045,2021,16,0
86118,0.5030791094268119,0.261013737565135,930.2941733775461,2111,2090,16,3
86119,0.48125937031484256,0.24087956021989004,1013.2278860569716,2001,1990,16,1
86120,0.5011001100110011,0.2563256325632563,1106.3212321232122,1818,1801,16,2
86121,0.4975247524752475,0.2396039603960396,969.5465346534653,2020,2002,16,1
86122,0.4995483288166215,0.26332429990966577,887.4909665763324,2214,2193,16,3
86123,0.49697814969781495,0.24453742445374244,895.6490004649,2151,2130,16,3
86124,0.5189035916824196,0.23109640831758035,933.7906427221172,2116,2096,16,3
86125,0.49832026875699886,0.24020156774916013,1107.107502799552,1786,1780,16,2
86126,0.5077581594435527,0.24505082932049224,1088.8871054039594,1869,1854,16,2
86127,0.5246615087040619,0.24806576402321084,931.031914893617,2068,2047,16,0
86128,0.49473684210526314,0.26421052631578945,1106.9215789473685,1900,1885,16,2
86129,0.49370277078085645,0.25138539042821156,1001.6267002518891,1985,1967,16,1
86130,0.49946351931330474,0.23336909871244635,1054.1614806866953,1864,1847,16,2
86131,0.5017182130584192,0.23907707412862053,972.7746686303387,2037,2021,16,1
86132,0.48757271285034376,0.2459016393442623,1062.5579058699102,1891,1881,16,1
86133,0.49083289680460973,0.2467260345730749,1016.1115767417496,1909,1894,16,1
86134,0.4791779340183883,0.24986479177934018,1097.3634396971336,1849,1826,16,2
86135,0.4951923076923077,0.25961538461538464,1088.8739316239316,1872,1857,16,2
86136,0.5078322385042952,0.25063163213744316,994.4689236988378,1979,1966,16,0
86137,0.4937137330754352,0.25338491295938104,941.2093810444874,2068,2054,16,3
86138,0.481335952848723,0.24901768172888017,974.3904715127701,2036,2019,16,1
86139,0.4978723404255319,0.25673758865248225,931.42695035461,2115,2100,16,3
86140,0.49280575539568344,0.24768756423432683,1009.9871531346352,1946,1935,16,1
86141,0.5069767441860465,0.2744186046511628,931.0455813953488,2150,2129,16,3
86142,0.5078508341511285,0.2507360157016683,960.51324828263,2038,2021,16,0
86143,0.4981600735970561,0.24379024839006438,872.7267709291629,2174,2158,16,3
86144,0.49976668222118525,0.2375174988334111,902.5156322911806,2143,2124,16,3
86145,0.5114971895758814,0.24782830863566685,1016.6152273888605,1957,1944,16,0
86146,0.4851063829787234,0.2491725768321513,918.9021276595745,2115,2095,16,3
86147,0.5056876938986556,0.23474663908996898,1031.9291623578076,1934,1914,16,1
86148,0.5030333670374115,0.22295247724974723,1004.546511627907,1978,1959,16,1
86149,0.5197802197802198,0.2302197802197802,1092.90989010989,1820,1809,16,2
86150,0.514870794734276,0.24524622135543636,948.3525109702584,2051,2039,16,0
86151,0.49418310571573093,0.2534142640364188,1003.1153262518968,1977,1961,16,1
86152,0.5041580041580042,0.23544698544698545,1032.2448024948026,1924,1907,16,1
86153,0.5278810408921933,0.2342007434944238,1064.798194370685,1883,1864,16,0
86154,0.4790509843513377,0.25643614336193843,1020.31650681474,1981,1967,16,1
86155,0.4915336236090953,0.24963715529753266,974.1751330430576,2067,2053,16,1
86156,0.5025100401606426,0.2595381526104418,979.495983935743,1992,1981,16,0
86157,0.5042780748663102,0.25935828877005346,1051.2417112299465,1870,1854,16,2
86158,0.518308406395049,0.24187725631768953,1023.8720990201134,1939,1926,16,0
86159,0.5119825708061002,0.25980392156862747,1069.547385620915,1836,1826,16,2
86160,0.5373467112597548,0.2608695652173913,1149.21237458194,1794,1777,16,2
86161,0.5067849686847599,0.24634655532359082,1045.8736951983299,1916,1901,16,0
86162,0.5089881869542886,0.25629173086800205,1028.6969696969697,1947,1928,16,0
86163,0.5104364326375711,0.2661290322580645,901.4288425047438,2108,2091,16,3
86164,0.4843335103558152,0.24535315985130113,1065.0456718003186,1883,1867,16,2
86165,0.5175565175565175,0.2587782587782588,942.0250120250121,2079,2065,16,0
86166,0.5185,0.2465,966.196,2000,1985,16,0
86167,0.5015463917525773,0.2597938144329897,1046.3927835051547,1940,1922,16,0
86168,0.5149948293691831,0.24560496380558428,1035.498448810755,1934,1914,16,0
86169,0.5026974006866111,0.25502697400686614,956.6768023540951,2039,2026,16,0
86170,0.4823529411764706,0.26334841628959277,900.7823529411764,2210,2189,16,3
86171,0.4974182444061962,0.2438324727481354,1195.690763052209,1743,1737,16,2
86172,0.5005117707267144,0.2548618219037871,1021.8520982599796,1954,1947,16,0
86173,0.5067920585161965,0.24869383490073146,1048.698014629049,1914,1894,16,0
86174,0.5121708892200696,0.2593144560357675,1002.0526577247889,2013,1999,16,0
86175,0.49399903984637544,0.25636101776284204,926.9750360057609,2083,2066,16,3
86176,0.4918032786885246,0.25925925925925924,1250.140862173649,1647,1634,16,2
86177,0.4957221942627076,0.24559637644690488,1004.608454957222,1987,1979,16,1
86178,0.47655894401456533,0.24305871643149748,862.7328174783796,2197,2177,16,3
86179,0.5212450592885376,0.26235177865612647,979.2554347826087,2024,2008,16,0
86180,0.4946550048590865,0.24149659863945577,948.1550048590865,2058,2041,16,1
86181,0.503751875937969,0.23711855927963982,1010.5812906453226,1999,1981,16,1
86182,0.5005387931034483,0.26185344827586204,1090.088900862069,1856,1843,16,2
86183,0.48588821250691755,0.24405091311566132,1110.9219701162147,1807,1790,16,2
86184,0.4972647702407002,0.23905908096280087,1121.0525164113785,1828,1816,16,2
86185,0.5148261758691206,0.25153374233128833,1032.0593047034765,1956,1948,16,0
86186,0.49327354260089684,0.24514200298953662,1019.9307424015944,2007,1993,16,1
86187,0.49697968149368477,0.2586490939044481,1105.5617792421747,1821,1813,16,2
86188,0.5052083333333334,0.25104166666666666,1056.1760416666666,1920,1899,16,0
86189,0.4974463738508682,0.25638406537282943,983.5653728294178,1958,1942,16,0
86190,0.49115456238361266,0.2565176908752328,892.5470204841713,2148,2130,16,3
86191,0.5145208131655372,0.2681510164569216,969.3252662149081,2066,2047,16,0
86192,0.5115577889447236,0.23618090452261306,977.8402010050252,1990,1976,16,0
86193,0.48903508771929827,0.25570175438596493,869.5118421052632,2280,2255,16,3
86194,0.5106382978723404,0.2311411992263056,963.2780464216635,2068,2054,16,1
86195,0.5200650759219089,0.2386117136659436,1078.403470715835,1844,1831,16,2
86196,0.49528563505268997,0.25013865779256794,1123.2667775929008,1803,1787,16,2
86197,0.5025406504065041,0.25558943089430897,967.3653455284552,1968,1949,16,0
86198,0.5009775171065494,0.25513196480938416,948.8890518084066,2046,2022,16,0
86199,0.5028790786948176,0.2523992322456814,961.1204414587332,2084,2057,16,3
86200,0.5211075805719474,0.26100771674988654,890.7453472537449,2203,2184,16,3
86201,0.5089285714285714,0.24483082706766918,910.3547932330827,2128,2112,16,3
86202,0.5115443817342227,0.2508978963571062,1001.2786044125193,1949,1920,16,0
86203,0.48975702715578845,0.2563125297760839,916.0505002382087,2099,2081,16,3
86204,0.49374061091637456,0.23485227841762643,992.458688032048,1997,1981,16,1
86205,0.5256975036710719,0.25942241801272636,947.1776798825257,2043,2020,16,0
86206,0.48326133909287255,0.26241900647948163,1104.3218142548596,1852,1842,16,2
86207,0.508164275111331,0.23354774863928748,970.1904997525977,2021,2005,16,1
86208,0.4928448769318832,0.2484258729250143,1163.8551803091013,1747,1735,16,2
86209,0.5014464802314368,0.2391513982642237,936.8997107039537,2074,2048,16,1
86210,0.511482254697286,0.255741127348643,1032.812108559499,1916,1904,16,0
86211,0.4929282346778418,0.23677317967522263,1063.4672603457307,1909,1900,16,1
86212,0.4977997799779978,0.24697469746974698,1131.073707370737,1818,1802,16,2
86213,0.5079129574678536,0.2571711177052423,962.3308605341247,2022,2011,16,0
86214,0.4952290076335878,0.26145038167938933,930.9336832061068,2096,2067,16,3
86215,0.5002257336343116,0.2654627539503386,886.9945823927766,2215,2192,16,3
86216,0.47585071350164654,0.24368825466520308,1114.1053787047201,1822,1813,16,2
86217,0.48924180327868855,0.25922131147540983,1035.888831967213,1952,1935,16,1
86218,0.5137023105857066,0.25040300913487373,1106.2810317033852,1861,1848,16,2
86219,0.5106052767718572,0.24935333678220384,998.4904293843766,1933,1917,16,0
86220,0.4943655071043606,0.2567368936795688,982.3483586477217,2041,2024,16,1
86221,0.4951584507042254,0.24031690140845072,852.794014084507,2272,2246,16,3
86222,0.5184493227463802,0.23867351704810835,890.1709481550678,2141,2124,16,3
86223,0.5097860719162495,0.25261720527992715,904.4961310878471,2197,2169,16,3
86224,0.4910358565737052,0.2504980079681275,982.1548804780876,2008,1994,16,1
86225,0.5054726368159204,0.2512437810945274,993.1194029850747,2010,1990,16,0
86226,0.48632521133764295,0.2610641471904525,1007.3088015912481,2011,1991,16,1
86227,0.5093071354705274,0.2549120992761117,1041.328335056877,1934,1920,16,0
86228,0.5125066524747206,0.261841405002661,1077.3363491218734,1879,1865,16,0
86229,0.5098814229249012,0.24851778656126483,967.4688735177865,2024,2012,16,0
86230,0.5089285714285714,0.2605042016806723,1072.263655462185,1904,1894,16,0
86231,0.4962080173347779,0.23022751895991334,1115.5260021668473,1846,1837,16,2
86232,0.4984599589322382,0.2397330595482546,1031.032340862423,1948,1937,16,1
86233,0.4893075356415479,0.2494908350305499,1040.494399185336,1964,1947,16,1
86234,0.5082458770614693,0.25337331334332835,981.5507246376811,2001,1985,16,0
86235,0.5118460019743336,0.25222112537018754,971.1806515301085,2026,2008,16,0
86236,0.5008264462809917,0.26666666666666666,1138.8231404958678,1815,1797,16,2
86237,0.500261643118786,0.24699110413396128,1034.1705913134485,1911,1895,16,1
86238,0.49091801669121254,0.24594992636229748,983.2773686794305,2037,2021,16,1
86239,0.47945891783567135,0.2279559118236473,975.8627254509018,1996,1973,16,1
86240,0.4986420423682781,0.2487778381314503,1088.507876154264,1841,1823,16,2
86241,0.4901465386558868,0.2556846892369884,975.5128852956038,1979,1963,16,1
86242,0.5078817733990147,0.22758620689655173,1004.0133004926108,2030,2015,16,1
86243,0.49395691014188126,0.23857067787703626,1067.4098791382028,1903,1889,16,1
86244,0.5046425255338904,0.25812441968430827,947.6374187558032,2154,2132,16,3
86245,0.5164340387212967,0.2575416479063485,871.66231427285,2221,2203,16,3
86246,0.5010834236186349,0.24485373781148428,1088.4804983748645,1846,1834,16,2
86247,0.5068736141906873,0.24789356984478936,848.0647450110865,2255,2237,16,3
86248,0.5111572392319668,0.2537623248572911,1003.5967825635703,1927,1908,16,0
86249,0.49622546552591845,0.2586814292903875,1019.3447408152995,1987,1969,16,0
86250,0.4994753410283316,0.25970619097586567,1054.0797481636937,1906,1891,16,2
86251,0.49442018437651625,0.23435225618631733,964.2518195050947,2061,2039,16,1
86252,0.4925373134328358,0.2484008528784648,1085.305437100213,1876,1866,16,2
86253,0.48306264501160096,0.2635730858468677,894.3044083526682,2155,2145,16,3
86254,0.5095995611629183,0.26001097092704334,1099.7229840921557,1823,1812,16,2
86255,0.5101626016260162,0.2616869918699187,1014.7240853658536,1968,1950,16,0
86256,0.49394785847299816,0.2462756052141527,918.1969273743017,2148,2124,16,3
86257,0.4706188247529901,0.25065002600104,1021.4815392615704,1923,1915,16,1
86258,0.49182692307692305,0.23221153846153847,938.8519230769231,2080,2056,16,1
86259,0.5185801442041043,0.2512479201331115,1096.2906267332223,1803,1788,16,2
86260,0.4917541229385307,0.25087456271864067,979.1589205397302,2001,1987,16,1
86261,0.48909811694747274,0.244796828543112,985.3339940535184,2018,2002,16,1
86262,0.5089020771513353,0.251730959446093,992.7368941641938,2022,2010,16,0
86263,0.5116611137553546,0.23845787720133269,925.7782008567349,2101,2084,16,3
86264,0.5103614457831326,0.25349397590361444,947.6255421686747,2075,2058,16,0
86265,0.5084055017829853,0.24605196128374937,1023.5043301069791,1963,1941,16,0
86266,0.49285075960679176,0.2546916890080429,868.1581769436997,2238,2211,16,3
86267,0.498663816141101,0.2554783538214858,1074.713522180652,1871,1852,16,2
86268,0.5023900573613767,0.2652963671128107,945.3881453154876,2092,2078,16,3
86269,0.4758654314968308,0.24378352023403219,965.7030716723549,2051,2025,16,1
86270,0.5152109911678115,0.2561334641805692,997.8159960745829,2038,2020,16,0
86271,0.510761154855643,0.2566929133858268,1074.3984251968504,1905,1895,16,0
86272,0.4966649563878912,0.2478193945613135,1001.341713699333,1949,1927,16,1
86273,0.50730282375852,0.22297955209347614,936.8928919182084,2054,2037,16,1
86274,0.4918463966333509,0.2503945291951604,1025.5076275644399,1901,1893,16,1
86275,0.5082048731974143,0.2466434609646942,988.0462456489308,2011,1993,16,0
86276,0.5198430004361099,0.2529437418229394,827.7815089402529,2293,2271,16,3
86277,0.5012071463061323,0.26653790439401254,976.3708353452438,2071,2053,16,0
86278,0.49540347293156284,0.23186925434116445,996.6113381001021,1958,1941,16,1
86279,0.5089820359281437,0.24800399201596807,958.5768463073853,2004,1992,16,0
86280,0.4956610515569168,0.2649310872894334,1011.1332312404288,1959,1947,16,0
86281,0.4865771812080537,0.24928092042186,922.8533077660594,2086,2066,16,3
86282,0.5142857142857142,0.24835164835164836,1103.1236263736264,1820,1807,16,2
86283,0.4909182643794147,0.2578203834510595,1008.2114026236125,1982,1971,16,1
86284,0.49686192468619245,0.2526150627615063,1050.352510460251,1912,1898,16,2
86285,0.48898488120950323,0.24449244060475162,801.9555075593953,2315,2287,16,3
86286,0.5158139534883721,0.24232558139534885,908.5413953488372,2150,2128,16,3
86287,0.48184647302904565,0.25622406639004147,1038.4076763485477,1928,1913,16,1
86288,0.49855741488747835,0.25216387766878245,1218.9838430467398,1733,1720,16,2
86289,0.5267087880528432,0.24124066628374496,1147.6226306720275,1741,1728,16,2
86290,0.4750271444082519,0.24212812160694897,1105.7589576547232,1842,1823,16,2
86291,0.5030812324929972,0.24593837535014004,1123.9411764705883,1785,1771,16,2
86292,0.4855521155830753,0.26625386996904027,999.2213622291022,1938,1919,16,1
86293,0.5010416666666667,0.2484375,1013.4864583333333,1920,1902,16,1
86294,0.5007429420505201,0.2506191183754334,1013.802872709262,2019,1998,16,0
86295,0.5096716149347729,0.2496626180836707,886.4430949167792,2223,2207,16,3
86296,0.496996996996997,0.24174174174174173,994.1786786786787,1998,1975,16,1
86297,0.5156031672100605,0.26362366092221706,886.5673032137867,2147,2132,16,3
86298,0.500253164556962,0.24962025316455697,1011.9215189873418,1975,1956,16,1
86299,0.5054347826086957,0.2441123188405797,878.5190217391304,2208,2192,16,3
86300,0.5046220772158782,0.24850462207721588,1076.9880369766176,1839,1824,16,2
86301,0.5342465753424658,0.22760800842992623,1046.7212855637513,1898,1884,16,0
86302,0.5138321995464853,0.2453514739229025,875.6485260770975,2205,2190,16,3
86303,0.49876786594381467,0.24396254312469196,997.9536717594874,2029,2011,16,1
86304,0.5048780487804878,0.24097560975609755,964.2829268292683,2050,2034,16,1
86305,0.49952198852772467,0.258604206500956,928.3006692160612,2092,2063,16,3
86306,0.4815701292484442,0.2599329822881762,944.8113930110101,2089,2068,16,3
86307,0.49377593360995853,0.26437462951985774,1174.0972139893302,1687,1677,16,2
86308,0.48584371460928655,0.25254813137032844,1155.2265005662514,1766,1749,16,2
86309,0.5079518072289156,0.24867469879518073,945.4457831325301,2075,2056,16,0
86310,0.4970208540218471,0.24677259185700098,964.0983118172791,2014,2000,16,1
86311,0.48676171079429736,0.23879837067209775,1012.9928716904277,1964,1952,16,1
86312,0.5180094786729857,0.24312796208530807,918.3222748815166,2110,2090,16,3
86313,0.493573264781491,0.25861182519280207,990.7295629820052,1945,1925,16,1
86314,0.49346576058546787,0.26346053319393625,1041.86774699425,1913,1887,16,2
86315,0.5269947443860488,0.2408026755852843,935.2489249880555,2093,2079,16,0
86316,0.5068883610451307,0.25938242280285034,881.6109263657958,2105,2089,16,3
86317,0.4858597285067873,0.23642533936651583,1123.4734162895927,1768,1747,16,2
86318,0.4857916102841678,0.2679296346414073,856.3892647722147,2217,2194,16,3
86319,0.493717277486911,0.24397905759162303,1053.0209424083769,1910,1898,16,1
86320,0.4718987341772152,0.25265822784810127,976.4572151898734,1975,1963,16,1
86321,0.5,0.23398479913137893,1099.0944625407167,1842,1830,16,2
86322,0.5209809264305177,0.25885558583106266,1088.2877384196186,1835,1814,16,2
86323,0.5036534446764092,0.24269311064718163,1056.7907098121086,1916,1900,16,2
86324,0.4911242603550296,0.2549757934373319,1029.5486820871436,1859,1849,16,2
86325,0.5213097713097713,0.26559251559251557,1044.9672557172557,1924,1912,16,0
86326,0.49502982107355864,0.25347912524850896,984.3911530815109,2012,2001,16,1
86327,0.4814466885861907,0.24565523720056365,937.9985908877408,2129,2107,16,3
86328,0.5090439276485789,0.2441860465116279,833.9013781223083,2322,2296,16,3
86329,0.4887585532746823,0.2458455522971652,938.4320625610948,2046,2023,16,1
86330,0.5022288261515602,0.2436849925705795,982.1703813769193,2019,2009,16,1
86331,0.5028873917228104,0.23820981713185754,967.0837343599615,2078,2063,16,1
86332,0.5016883743367101,0.24553786782440906,991.1157742402315,2073,2060,16,1
86333,0.5141843971631206,0.25177304964539005,1181.6956264775413,1692,1681,16,2
86334,0.5108203321590338,0.24157020634121792,983.5223955712129,1987,1966,16,0
86335,0.5113871635610766,0.21583850931677018,1023.0139751552795,1932,1918,16,1
86336,0.5036330608537694,0.23796548592188918,895.6594005449591,2202,2181,16,3
86337,0.5066079295154186,0.2427802251590798,965.9456681350955,2043,2022,16,0
86338,0.5021905805038335,0.24370208105147864,1104.9266155531216,1826,1809,16,2
86339,0.5096605744125327,0.24804177545691905,1053.2882506527415,1915,1905,16,0
86340,0.4747742963356346,0.23366967604885822,1053.6006372809347,1883,1865,16,1
86341,0.5219101123595505,0.2573033707865168,1122.032584269663,1780,1765,16,2
86342,0.48771929824561405,0.23508771929824562,993.453634085213,1995,1973,16,1
86343,0.5126086956521739,0.2534782608695652,839.3686956521739,2300,2279,16,3
86344,0.5119221411192214,0.25498783454987833,969.7289537712895,2055,2040,16,0
86345,0.4995069033530572,0.23816568047337278,974.5103550295858,2028,2012,16,1
86346,0.5088389870998566,0.24271380793119923,916.6282847587196,2093,2081,16,3
86347,0.5141679546625451,0.24781040700669757,1041.345698093766,1941,1924,16,0
86348,0.4886763965777554,0.2586814292903875,995.0689481630599,1987,1966,16,1
86349,0.4804253262445626,0.24456259062348962,934.6578057032383,2069,2047,16,1
86350,0.5178323297823066,0.26401111625752666,925.7387679481242,2159,2140,16,3
86351,0.5025858015984955,0.23272214386459802,926.9031499764927,2127,2109,16,3
86352,0.49270256668344237,0.24106693507800706,989.2672370407649,1987,1972,16,1
86353,0.5002813731007316,0.23522791221159256,1110.4631401238041,1777,1764,16,2
86354,0.5039001560062403,0.2631305252210088,1009.4357774310972,1923,1902,16,0
86355,0.4995121951219512,0.24926829268292683,950.5385365853658,2050,2039,16,1
86356,0.5043478260869565,0.2565217391304348,951.9917874396135,2070,2049,16,0
86357,0.4832917705735661,0.257356608478803,1008.0713216957606,2005,1987,16,1
86358,0.48710916072408117,0.2473944048272079,1095.516730663741,1823,1812,16,2
86359,0.49530621367903443,0.25122932498882433,833.4416629414394,2237,2212,16,3
86360,0.511472275334608,0.25908221797323133,936.032982791587,2092,2073,16,0
86361,0.49201277955271566,0.24737562756732087,889.8397991784573,2191,2173,16,3
86362,0.5053248136315229,0.2539936102236422,1037.5931842385517,1878,1868,16,2
86363,0.5097751710654936,0.26392961876832843,933.5796676441838,2046,2024,16,0
86364,0.4973958333333333,0.25104166666666666,1028.8703125,1920,1901,16,1
86365,0.4788877445932029,0.25386199794026776,1029.143666323378,1942,1924,16,1
86366,0.5011910433539781,0.23820867079561697,942.2024773701763,2099,2086,16,3
86367,0.5099642309657639,0.2514052120592744,1038.7470618293305,1957,1930,16,0
86368,0.5125601282736505,0.2544094067343666,1054.1175841795832,1871,1855,16,0
86369,0.4814249363867684,0.2407124681933842,990.0865139949109,1965,1946,16,1
86370,0.5060129509713228,0.25624421831637373,927.8959296947271,2162,2142,16,3
86371,0.5035095928872251,0.2339728591483388,931.1076275152083,2137,2115,16,3
86372,0.5196241017136539,0.22885572139303484,1109.8651188501935,1809,1798,16,2
86373,0.5023771790808241,0.24300052826201796,1038.7221341785526,1893,1879,16,2
86374,0.523121387283237,0.25096339113680155,967.8434489402697,2076,2055,16,0
86375,0.5058881256133464,0.2512266928361138,944.5520117762512,2038,2013,16,0
86376,0.5168007572172267,0.26029342167534314,912.5958353052532,2113,2094,16,3
86377,0.5048994326972667,0.24342444559051057,996.8586900464156,1939,1924,16,0
86378,0.49233716475095785,0.2533524904214559,963.6034482758621,2088,2064,16,3
86379,0.5119471276054905,0.2547025927808846,995.4885612608033,1967,1948,16,0
86380,0.5121392579019698,0.25286303252404946,913.6999541914796,2183,2169,16,3
86381,0.4973821989528796,0.25702046644455023,928.4930985245121,2101,2085,16,3
86382,0.5002536783358701,0.23389142567224758,1001.0578386605783,1971,1955,16,1
86383,0.48620309050772625,0.2588300220750552,1112.7842163355408,1812,1798,16,2
86384,0.510025706940874,0.25398457583547557,1032.2894601542416,1945,1924,16,0
86385,0.5021786492374728,0.2429193899782135,1090.7472766884532,1836,1821,16,2
86386,0.4872289156626506,0.24096385542168675,971.7696385542168,2075,2047,16,1
86387,0.4939759036144578,0.24771084337349397,947.6390361445783,2075,2057,16,3
86388,0.5085183273102736,0.25193598347960766,1057.5771812080536,1937,1920,16,0
86389,0.49840595111583424,0.2651434643995749,1094.8103081827842,1882,1875,16,2
86390,0.5029907558455683,0.26318651441000546,1080.5095160413268,1839,1829,16,2
86391,0.506631299734748,0.24244031830238727,1079.8005305039787,1885,1863,16,2
86392,0.5153203342618384,0.24326833797585887,895.4336118848654,2154,2138,16,3
86393,0.4900596421471173,0.22813121272365805,977.5780318091452,2012,1999,16,1
86394,0.5155075187969925,0.24906015037593984,927.5394736842105,2128,2107,16,3
86395,0.510485651214128,0.25,1084.0397350993378,1812,1800,16,2
86396,0.5032581453634085,0.23909774436090225,972.2731829573935,1995,1978,16,1
86397,0.5263429752066116,0.24380165289256198,1076.9121900826447,1936,1923,16,0
86398,0.5186170212765957,0.24148936170212765,1048.2340425531916,1880,1866,16,0
86399,0.48205677557579,0.23942153186930906,1096.925013390466,1867,1844,16,2
86400,0.48484848484848486,0.25182863113897597,1066.085684430512,1914,1901,16,1
86401,0.5080684596577018,0.2410757946210269,974.718337408313,2045,2022,16,0
86402,0.4887148779364348,0.2533394748963611,912.4850299401197,2171,2157,16,3
86403,0.49229891614375354,0.25213918996006845,1114.8961779806048,1753,1740,16,2
86404,0.5073269327943406,0.23951490651844365,1021.9979787771601,1979,1967,16,1
86405,0.49577965348733893,0.26699244780097736,836.0884051532652,2251,2218,16,3
86406,0.5163974547234459,0.24473813020068527,983.1179637787567,2043,2031,16,0
86407,0.483325037332006,0.24390243902439024,996.4922847187655,2009,1989,16,1
86408,0.4931640625,0.27001953125,986.36767578125,2048,2027,16,0
86409,0.48014279339580546,0.2556894243641232,875.4524765729585,2241,2217,16,3
86410,0.49514563106796117,0.2529665587918015,1041.3743257820927,1854,1840,16,2
86411,0.49836779107725787,0.2584330794341676,1104.5087051142546,1838,1826,16,2
86412,0.5051691729323309,0.2523496240601504,923.5747180451128,2128,2111,16,3
86413,0.48444031583836505,0.24384579656293545,921.7854156990246,2153,2131,16,3
86414,0.46510492923377256,0.24597364568081992,963.8243045387994,2049,2033,16,1
86415,0.4821973550356053,0.24008138351983724,1025.6302136317395,1966,1949,16,1
86416,0.5066735112936345,0.2597535934291581,1043.047227926078,1948,1928,16,0
86417,0.5175751400916964,0.23942944472745797,999.8053998981152,1963,1949,16,0
86418,0.5119921683798335,0.2599118942731278,981.4224180127264,2043,2029,16,0
86419,0.5004725897920604,0.2381852551984877,927.7173913043479,2116,2090,16,3
86420,0.49909584086799275,0.2468354430379747,885.9828209764919,2212,2189,16,3
86421,0.49947145877378435,0.2489429175475687,1052.0237843551797,1892,1879,16,2
86422,0.5067114093959731,0.26030680728667305,922.0829338446788,2086,2068,16,3
86423,0.508028545941124,0.23773416592328278,846.2475468331846,2242,2219,16,3
86424,0.48957298907646474,0.2457795431976167,979.8460774577954,2014,2007,16,1
86425,0.49825087456271866,0.2688655672163918,989.7001499250375,2001,1986,16,0
86426,0.4855305466237942,0.2545551982851018,1055.6570203644158,1866,1847,16,2
86427,0.5087912087912088,0.26153846153846155,1088.1868131868132,1820,1806,16,2
86428,0.4890646812470917,0.2550023266635644,919.8827361563518,2149,2130,16,3
86429,0.4772492244053775,0.24457083764219234,1035.387797311272,1934,1916,16,1
86430,0.5039281705948373,0.23793490460157127,1187.037037037037,1782,1763,16,2
86431,0.49924050632911393,0.23645569620253165,995.2354430379747,1975,1959,16,1
86432,0.5059742647058824,0.24402573529411764,892.8354779411765,2176,2161,16,3
86433,0.5022222222222222,0.2411111111111111,1109.2794444444444,1800,1787,16,2
86434,0.5126953125,0.2490234375,938.998046875,2048,2029,16,0
86435,0.49137931034482757,0.25272232304900183,865.0254083484574,2204,2189,16,3
86436,0.5120274914089347,0.2503681885125184,969.2724594992636,2037,2021,16,0
86437,0.4938988959907031,0.23649041255084252,1149.7547937245788,1721,1706,16,2
86438,0.523045054375971,0.2589331952356292,1040.9601242879337,1931,1918,16,0
86439,0.5198135198135199,0.255011655011655,901.0629370629371,2145,2127,16,3
86440,0.5202127659574468,0.2670212765957447,1051.115425531915,1880,1865,16,0
86441,0.5047368421052632,0.24578947368421053,1060.2942105263157,1900,1883,16,2
86442,0.4869519832985386,0.24112734864300625,1054.1090814196243,1916,1901,16,1
86443,0.4906347554630593,0.2554630593132154,1033.8704474505723,1922,1901,16,1
86444,0.48623853211009177,0.24464831804281345,999.9617737003058,1962,1949,16,1
86445,0.49241998877035376,0.24480628860190903,1134.4519932622122,1781,1774,16,2
86446,0.49121140142517816,0.25225653206650833,909.320190023753,2105,2092,16,3
86447,0.49929078014184397,0.25342789598108745,898.5342789598109,2115,2099,16,3
86448,0.4878048780487805,0.25291622481442205,1049.8711558854718,1886,1865,16,2
86449,0.517948717948718,0.24769230769230768,1021.0682051282051,1950,1938,16,0
86450,0.49100138440239965,0.24826949700046147,891.5685279187817,2167,2157,16,3
86451,0.4997592681752528,0.24121328839672604,925.4631680308137,2077,2061,16,3
86452,0.4900324524802967,0.24663885025498378,909.403337969402,2157,2145,16,3
86453,0.498663816141101,0.242116515232496,1076.3703901656868,1871,1856,16,2
86454,0.4936708860759494,0.25891829689298046,1185.3406214039126,1738,1725,16,2
86455,0.49138381201044384,0.2584856396866841,1039.373368146214,1915,1893,16,2
86456,0.47988366456616577,0.24721279689772177,959.1745031507513,2063,2049,16,1
86457,0.48932130991931655,0.24584717607973422,937.265306122449,2107,2093,16,3
86458,0.5047664442326025,0.24737845567206865,941.3036224976167,2098,2068,16,3
86459,0.5187660668380463,0.23701799485861183,1039.786118251928,1945,1921,16,0
86460,0.5129711209006363,0.245717082721488,954.7601566324033,2043,2022,16,0
86461,0.5145631067961165,0.24433656957928804,1072.2443365695792,1854,1836,16,2
86462,0.4845704753961635,0.2572977481234362,799.0212677231026,2398,2381,16,3
86463,0.509037616023449,0.24132877381533951,927.1880801172448,2047,2027,16,0
86464,0.5021030494216614,0.24710830704521555,1017.7660357518401,1902,1885,16,0
86465,0.5059665871121718,0.24439140811455848,939.873508353222,2095,2076,16,3
86466,0.5020959478341872,0.25337680484396835,898.2873777363764,2147,2131,16,3
86467,0.49449973808276587,0.24358302776322682,1057.4635935044525,1909,1898,16,1
86468,0.4811551639745472,0.2525697503671072,967.1629955947136,2043,2025,16,1
86469,0.4841997961264016,0.23700305810397554,956.8312945973496,1962,1945,16,1
86470,0.4922027290448343,0.23684210526315788,934.4351851851852,2052,2030,16,1
86471,0.5193176116407426,0.23883592574009033,998.5915704967385,1993,1979,16,0
86472,0.5108094519859225,0.25439919557566615,1010.7139265962795,1989,1972,16,0
86473,0.4929641398093509,0.24648206990467544,924.3772128915116,2203,2183,16,3
86474,0.5045430251202565,0.25120256547300907,1082.2977017637627,1871,1857,16,2
86475,0.5067437379576107,0.25096339113680155,936.2813102119461,2076,2055,16,3
86476,0.5161592505854801,0.2449648711943794,942.1662763466043,2135,2116,16,3
86477,0.5050301810865191,0.24446680080482897,1005.5970824949699,1988,1973,16,0
86478,0.49456778460085027,0.24893717524799244,953.0061407652338,2117,2094,16,3
86479,0.5143564356435644,0.2623762376237624,962.3965346534653,2020,1996,16,0
86480,0.49726231956197114,0.2603285216525635,990.6963663514186,2009,1990,16,0
86481,0.5045625335480408,0.24691358024691357,1084.0273752012884,1863,1848,16,2
86482,0.5004757373929591,0.2407231208372978,943.2031398667935,2102,2088,16,3
86483,0.49808978032473733,0.2502387774594078,926.4450811843362,2094,2076,16,3
86484,0.4931640625,0.25341796875,980.81005859375,2048,2027,16,1
86485,0.512577123872805,0.26435690555291885,944.2994779307072,2107,2088,16,0
86486,0.4968765016818837,0.23930802498798653,962.304661220567,2081,2059,16,1
86487,0.4950980392156863,0.2549019607843137,868.8569518716578,2244,2220,16,3
86488,0.497377205531712,0.24606580829756797,931.8121125417263,2097,2084,16,3
86489,0.49444444444444446,0.24595959595959596,986.4383838383839,1980,1961,16,1
86490,0.5107948969578018,0.2409224730127576,983.9842983316977,2038,2018,16,0
86491,0.5137816979051819,0.23208379272326352,1107.8682469680264,1814,1802,16,2
86492,0.503725782414307,0.26229508196721313,1001.0,2013,1999,16,0
86493,0.49803149606299213,0.24163385826771652,985.5019685039371,2032,2019,16,1
86494,0.49095022624434387,0.2642533936651584,879.8,2210,2190,16,3
86495,0.5171821305841925,0.25143184421534936,1124.824169530355,1746,1735,16,2
86496,0.5107049608355091,0.25430809399477805,1049.3524804177546,1915,1899,16,0
86497,0.5095261358085003,0.23839765510503175,962.7513434294088,2047,2035,16,0
86498,0.48568507157464214,0.24846625766871167,1011.6145194274029,1956,1942,16,1
86499,0.5154394299287411,0.24798099762470308,926.5562945368171,2105,2090,16,3
